library,cell_id,cell_bc,clone_id,umi_count,bc_length,CARLIN_length,read,max_read_ratio
test,test_CGACTGGA,CGACTGGA,CGCCGGACTGCACGACAGTCGATGGGAGCT,1,30,30,3,1.0
test,test_GACTAGTA,GACTAGTA,CGCCGGACTGCACGACAGTCGATGGGAGCT,26,30,30,531,1.0
test,test_GTCTGTCA,GTCTGTCA,CGCCGGACTGCACGACAGTCGATGGGAGCT,24,30,30,311,1.0
test,test_GCGAGTAA,GCGAGTAA,CGCCGGAGTCGATACGTAGCACGCAGATTCGATGGGAGCT,19,40,40,392,1.0
test,test_TCTTCACA,TCTTCACA,CGCCGGACTGCACGACACGCGATGGAGTCGAGTCGAGACGCTGACGAACGATGGGAGCT,20,59,59,916,1.0
test,test_CCAGTTCA,CCAGTTCA,CGCCGGACTGCACGACAGTCGATGTAGTCGATGGAGTCGACTACAGTCGCTACGACCGATGGGAGCT,2,67,67,41,1.0
test,test_CAAGGAGC,CAAGGAGC,CGCCGGACTGCACGACGATGGAGTCGACACGACTCGCGCATACTATGGAGTCGCGACTGTACGCACACGCACGATGGGAGCT,18,82,82,135,1.0
test,test_ATCCTGTA,ATCCTGTA,CGCCGGACTGCACGACGATGGAGTCGACACGACTCGCGCATAGATATGGAGTCGATACGTAGCACGCAGAGCGATGGGAGCT,9,82,82,272,1.0
test,test_GATAGACA,GATAGACA,CGCCGGACTGCACGACGATGGAGTCGACTACAGTCGCTACGATGGAGTGGAGTCGATACGTAGCACGCAGAGCGATGGGAGCT,70,83,83,2427,1.0
test,test_TTCACGCA,TTCACGCA,CGCCGGACTGCACGACAGTCGAGACGTGTGCGTACAGTCGCGACTCCATAGTATGCGCGAGTCGTGTCGACTCCATCGCGATGGGAGCT,1,89,89,5,1.0
test,test_TCCGTCTA,TCCGTCTA,CGCCGGACTGCACGACAGTCGAGCGATGGAGTCGCGAGCGCTATGAGCGAGACTATGGAGTCGATACGATACGCGCACGGCTATGGAGTCGAGAGCGCGCTCGTCGACGATGGGAGCT,7,118,118,46,1.0
test,test_ACAAGCTA,ACAAGCTA,CGCCGGACTGCACGACAGTCGATCTGCGTGCTACGTATCGACTCCATGGAGTCGCGTCTCGACTCGACTCCATCGCCCGTGTACGCATACTATCGACTCCATCGCGATGGAGTCGACTGCACGACAGTCGAGCGATGGAGTCGATACGTAGCACGCAGAGGCGATGGGAGCT,1,172,172,3,1.0
test,test_TGGCTTCA,TGGCTTCA,CGCCGGACTGCACGACAGTCGAACGATGGAGTCGACACGACTCGCGCATATCGATGGAGTCGACTACAGTCGCTACGAGCCGATGGAGTCGCGAGCGCTATGAGCCGATACGATACGCGCTATGGAGTCGATACGATACGCGCACGACTATGGAGTCGAGAGCGCGCTCGTCGATCGATGGGAGCT,34,186,186,280,1.0
test,test_ATGCCTAA,ATGCCTAA,CGCCGGACTGCACGACAGTCGAACGATGGAGTCGCGAGCGCTATGAGCGAGCTATGGAGTCGATACGATACGCGCACGTCGACCTATGGAGTCGCGACTGTACGCACACGCCGATGGAGTCGATAGTATGCGTACACGCCGATGGAGTCGAGTCGAGACGCTGACGAGATATGGAGTCGATACGTAGCACGCAGAGGCGATGGGAGCT,3,208,208,203,1.0
test,test_GTCGTAGA,GTCGTAGA,CGCCGGACTGCACGACAGTCGAACGATGGAGTCGCGAGCGCTATGAGCGAGCTATGGAGTCGATACGATACGCGCACGTCGACCTATGGAGTCGCGACTGTACGCACACGCCGATGGAGTCGATAGTATGCGTACACGCCGATGGAGTCGAGTCGAGACGCTGACGAGATATGGAGTCGATACGTAGCACGCAGAGGCGATGGGAGCT,8,208,208,154,1.0
test,test_TAGGATGA,TAGGATGA,CGCCGGACTGCACGACGATGGAGTCGACACGACTCGCGCATACGATGGAGTCGACTACAGTCGCTACGACGATGGAGTCGCGAGCGCTATGAGCGACTATGGAGTCGATACGATACGCGCACGCTATGGAGTCGAGAGCGCGCTCGTCGACTATGGAGTCGCGACTGTACGCACACGCGATGGAGTCGATAGTATGCGTACACGCGATGGAGTCGAGTCGAGACGCTGACGATATGGAGTCGATACGTAGCACGCAGACGATGGGAGCT,4,269,269,77,1.0
